Customer ID,Customer Name,Gender,Age,Industry
AB-10015,Aaron Bergman,Male,31,Legal Services
AH-10030,Aaron Hawkins,Female,56,Corporate Headquarters
AS-10045,Aaron Smayling,Male,65,Consulting Firms
AB-10060,Adam Bellavance,Female,53,Construction & Engineering
AH-10075,Adam Hart,Female,28,Real Estate
AS-10090,Adam Shillingsburg,Male,29,Clinics
AB-10105,Adrian Barton,Female,65,Charitable Organizations and Foundations
AH-10120,Adrian Hane,Male,38,Marketing & Advertising Agencies
AS-10135,Adrian Shami,Female,56,Financial Services
AB-10150,Aimee Bixby,Male,47,K-12 Schools
AB-10165,Alan Barnes,Female,42,Charitable Organizations and Foundations
AD-10180,Alan Dominguez,Female,33,Technology & IT
AH-10195,Alan Haines,Female,38,Technology & IT
AH-10210,Alan Hwang,Female,36,Real Estate
AS-10225,Alan Schoenberger,Male,40,Professional & Trade Associations
AS-10240,Alan Shonely,Female,56,Retail & Hospitality
AB-10255,Alejandro Ballentine,Male,44,Consulting Firms
AG-10270,Alejandro Grove,Female,29,Retail & Hospitality
AS-10285,Alejandro Savely,Female,44,Hospitals
AG-10300,Aleksandra Gannaway,Female,56,Financial Services
AA-10315,Alex Avila,Male,30,Real Estate
AG-10330,Alex Grayson,Female,48,Corporate Headquarters
AR-10345,Alex Russell,Male,38,Corporate Headquarters
AM-10360,Alice McCarthy,Female,62,Professional & Trade Associations
AA-10375,Allen Armold,Female,24,Consulting Firms
AG-10390,Allen Goldenen,Female,29,K-12 Schools
AR-10405,Allen Rosenblatt,Female,27,Clinics
AC-10420,Alyssa Crouse,Female,43,Federal Government Agencies
AT-10435,Alyssa Tate,Female,25,Professional & Trade Associations
AC-10450,Amy Cox,Male,35,Charitable Organizations and Foundations
AH-10465,Amy Hunt,Male,46,Charitable Organizations and Foundations
AA-10480,Andrew Allen,Female,35,Professional & Trade Associations
AG-10495,Andrew Gjertsen,Male,51,Technology & IT
AR-10510,Andrew Roberts,Male,45,Consulting Firms
AG-10525,Andy Gerbode,Male,43,Corporate Headquarters
AR-10540,Andy Reiter,Male,54,Corporate Headquarters
AY-10555,Andy Yotov,Male,52,Insurance
AR-10570,Anemone Ratner,Male,37,Consulting Firms
AH-10585,Angele Hood,Female,55,Charitable Organizations and Foundations
AB-10600,Ann Blume,Male,29,Clinics
AC-10615,Ann Chong,Female,23,Charitable Organizations and Foundations
AS-10630,Ann Steele,Female,30,Insurance
AA-10645,Anna Andreadi,Female,36,Professional & Trade Associations
AC-10660,Anna Chung,Male,34,Financial Services
AG-10675,Anna Gayman,Female,37,Technology & IT
AH-10690,Anna Häberlin,Male,31,Technology & IT
AM-10705,Anne McFarland,Female,46,Charitable Organizations and Foundations
AP-10720,Anne Pryor,Female,56,Retail & Hospitality
AT-10735,Annie Thurman,Male,55,Consulting Firms
AZ-10750,Annie Zypern,Male,54,Marketing & Advertising Agencies
AG-10765,Anthony Garverick,Male,56,Financial Services
AJ-10780,Anthony Jacobs,Female,46,Legal Services
AJ-10795,Anthony Johnson,Male,24,Insurance
AO-10810,Anthony O'Donnell,Female,60,Professional & Trade Associations
AR-10825,Anthony Rawles,Male,22,Real Estate
AW-10840,Anthony Witt,Female,51,K-12 Schools
AI-10855,Arianne Irving,Female,25,Hospitals
AF-10870,Art Ferguson,Male,44,Federal Government Agencies
AF-10885,Art Foster,Female,22,Professional & Trade Associations
AG-10900,Arthur Gainer,Female,38,K-12 Schools
AP-10915,Arthur Prichep,Female,25,Charitable Organizations and Foundations
AW-10930,Arthur Wiediger,Male,33,Clinics
AJ-10945,Ashley Jarboe,Female,45,Financial Services
AJ-10960,Astrea Jones,Male,48,Legal Services
BF-10975,Barbara Fisher,Female,36,Construction & Engineering
BB-10990,Barry Blumstein,Female,39,Technology & IT
BF-11005,Barry Franz,Female,51,Legal Services
BF-11020,Barry Französisch,Female,24,Financial Services
BG-11035,Barry Gonzalez,Male,43,Retail & Hospitality
BP-11050,Barry Pond,Male,62,Technology & IT
BW-11065,Barry Weirich,Male,63,Financial Services
BF-11080,Bart Folk,Female,59,Federal Government Agencies
BP-11095,Bart Pistole,Male,59,Retail & Hospitality
BW-11110,Bart Watters,Female,44,Consulting Firms
BC-11125,Becky Castell,Male,50,Construction & Engineering
BM-11140,Becky Martin,Male,41,Corporate Headquarters
BP-11155,Becky Pak,Female,65,Legal Services
BF-11170,Ben Ferrer,Female,21,Marketing & Advertising Agencies
BP-11185,Ben Peterman,Male,56,Marketing & Advertising Agencies
BW-11200,Ben Wallace,Female,55,Hospitals
BF-11215,Benjamin Farhat,Male,20,Corporate Headquarters
BP-11230,Benjamin Patterson,Female,65,Marketing & Advertising Agencies
BV-11245,Benjamin Venier,Female,34,Federal Government Agencies
BK-11260,Berenike Kampe,Female,35,Insurance
BF-11275,Beth Fritzler,Female,30,Hospitals
BP-11290,Beth Paige,Male,28,Technology & IT
BT-11305,Beth Thompson,Male,34,Clinics
BD-11320,Bill Donatelli,Female,54,Technology & IT
BE-11335,Bill Eplett,Female,36,Professional & Trade Associations
BO-11350,Bill Overfelt,Female,56,Construction & Engineering
BS-11365,Bill Shonely,Male,40,Legal Services
BS-11380,Bill Stewart,Male,48,K-12 Schools
BT-11395,Bill Tyler,Male,47,Marketing & Advertising Agencies
BE-11410,Bobby Elias,Male,57,Professional & Trade Associations
BO-11425,Bobby Odegard,Male,55,Real Estate
BT-11440,Bobby Trafton,Male,49,Hospitals
BE-11455,Brad Eason,Male,26,Real Estate
BN-11470,Brad Norvell,Female,65,Marketing & Advertising Agencies
BT-11485,Brad Thomas,Male,65,Real Estate
BD-11500,Bradley Drucker,Male,29,Insurance
BN-11515,Bradley Nguyen,Female,23,K-12 Schools
BT-11530,Bradley Talbott,Female,28,K-12 Schools
BB-11545,Brenda Bowman,Female,25,Charitable Organizations and Foundations
BD-11560,Brendan Dodson,Female,31,Charitable Organizations and Foundations
BM-11575,Brendan Murry,Male,38,K-12 Schools
BS-11590,Brendan Sweed,Male,62,Corporate Headquarters
BD-11605,Brian Dahlen,Male,59,Financial Services
BD-11620,Brian DeCherney,Female,35,Consulting Firms
BD-11635,Brian Derr,Female,54,Financial Services
BM-11650,Brian Moss,Female,28,Real Estate
BS-11665,Brian Stugart,Female,45,Marketing & Advertising Agencies
BT-11680,Brian Thompson,Male,21,Consulting Firms
BG-11695,Brooke Gillingham,Male,55,Corporate Headquarters
BH-11710,Brosina Hoffman,Female,24,Real Estate
BD-11725,Bruce Degenhardt,Male,29,Insurance
BG-18435,Bruce Galang,Female,27,Charitable Organizations and Foundations
BG-11740,Bruce Geld,Female,32,Professional & Trade Associations
BS-11755,Bruce Stewart,Female,22,Corporate Headquarters
BD-11770,Bryan Davis,Male,64,Charitable Organizations and Foundations
BM-11785,Bryan Mills,Female,54,Technology & IT
BS-11800,Bryan Spruell,Male,39,Financial Services
CM-11815,Candace McMahon,Male,45,Technology & IT
CS-11845,Cari Sayre,Female,43,Retail & Hospitality
CS-11860,Cari Schnelling,Female,36,Charitable Organizations and Foundations
CJ-11875,Carl Jackson,Female,58,Financial Services
CL-11890,Carl Ludwig,Male,47,Marketing & Advertising Agencies
CW-11905,Carl Weiss,Male,65,Consulting Firms
CD-11920,Carlos Daly,Male,44,Real Estate
CM-11935,Carlos Meador,Female,51,Legal Services
CS-11950,Carlos Soltero,Male,23,K-12 Schools
CA-11965,Carol Adams,Female,26,Consulting Firms
CD-11980,Carol Darley,Female,54,Clinics
CT-11995,Carol Triggs,Male,23,Corporate Headquarters
CJ-12010,Caroline Jumper,Male,29,Insurance
CB-12025,Cassandra Brandow,Male,37,Charitable Organizations and Foundations
CG-12040,Catherine Glotzbach,Female,38,Professional & Trade Associations
CA-12055,Cathy Armstrong,Female,27,Professional & Trade Associations
CH-12070,Cathy Hwang,Female,31,Professional & Trade Associations
CP-12085,Cathy Prescott,Male,37,Corporate Headquarters
CC-12100,Chad Cunningham,Female,57,Professional & Trade Associations
CM-12115,Chad McGuire,Male,47,Charitable Organizations and Foundations
CS-12130,Chad Sievert,Female,31,Charitable Organizations and Foundations
CC-12145,Charles Crestani,Male,28,Real Estate
CM-12160,Charles McCrossin,Male,52,Corporate Headquarters
CS-12175,Charles Sheldon,Female,36,Legal Services
CM-12190,Charlotte Melton,Female,49,Retail & Hospitality
CK-12205,Chloris Kastensmidt,Male,43,Real Estate
CC-12220,Chris Cortes,Female,42,Marketing & Advertising Agencies
CM-12235,Chris McAfee,Male,65,Construction & Engineering
CS-12250,Chris Selesnick,Female,54,Corporate Headquarters
CA-12265,Christina Anderson,Male,22,Construction & Engineering
CD-12280,Christina DeMoss,Male,64,Consulting Firms
CV-12295,Christina VanderZanden,Male,62,Charitable Organizations and Foundations
CA-12310,Christine Abelman,Female,28,Financial Services
CK-12325,Christine Kargatis,Female,22,Clinics
CP-12340,Christine Phan,Female,23,Hospitals
CS-12355,Christine Sundaresam,Male,43,Hospitals
CC-12370,Christopher Conant,Female,55,Construction & Engineering
CM-12385,Christopher Martinez,Female,41,Marketing & Advertising Agencies
CS-12400,Christopher Schild,Male,34,Financial Services
CB-12415,Christy Brittain,Male,44,K-12 Schools
CC-12430,Chuck Clark,Female,56,Professional & Trade Associations
CM-12445,Chuck Magee,Male,23,Real Estate
CS-12460,Chuck Sachs,Male,60,Hospitals
CC-12475,Cindy Chapman,Male,42,Financial Services
CS-12490,Cindy Schnelling,Male,52,Financial Services
CS-12505,Cindy Stewart,Male,23,Legal Services
CG-12520,Claire Gute,Male,38,Insurance
CB-12535,Claudia Bergmann,Male,61,Insurance
CC-12550,Clay Cheatham,Male,58,Marketing & Advertising Agencies
CL-12565,Clay Ludtke,Female,58,Insurance
CR-12580,Clay Rozendal,Male,32,Legal Services
CK-12595,Clytie Kelty,Female,50,Legal Services
CC-12610,Corey Catlett,Female,39,Federal Government Agencies
CR-12625,Corey Roper,Male,25,Professional & Trade Associations
Co-12640,Corey-Lock,Female,64,Charitable Organizations and Foundations
CM-12655,Corinna Mitchell,Male,61,Charitable Organizations and Foundations
CC-12670,Craig Carreira,Female,22,Financial Services
CC-12685,Craig Carroll,Female,54,Legal Services
CL-12700,Craig Leslie,Male,48,Consulting Firms
CM-12715,Craig Molinari,Male,51,Construction & Engineering
CR-12730,Craig Reiter,Male,62,Financial Services
CY-12745,Craig Yedwab,Male,60,Insurance
CK-12760,Cyma Kinney,Female,59,Corporate Headquarters
CA-12775,Cynthia Arntzen,Male,62,Real Estate
CD-12790,Cynthia Delaney,Female,51,Hospitals
CV-12805,Cynthia Voltz,Male,41,Charitable Organizations and Foundations
CR-12820,Cyra Reiten,Male,27,K-12 Schools
DK-12835,Damala Kotsonis,Female,65,K-12 Schools
DC-12850,Dan Campbell,Female,30,Clinics
DL-12865,Dan Lawera,Male,23,Hospitals
DR-12880,Dan Reichenbach,Female,45,Technology & IT
DK-12895,Dana Kaydos,Male,39,Financial Services
DB-12910,Daniel Byrd,Male,46,Charitable Organizations and Foundations
DL-12925,Daniel Lacy,Female,31,Technology & IT
DR-12940,Daniel Raglin,Male,38,Federal Government Agencies
DM-12955,Dario Medina,Male,51,Hospitals
DB-12970,Darren Budd,Male,53,Retail & Hospitality
DK-12985,Darren Koutras,Male,42,Marketing & Advertising Agencies
DP-13000,Darren Powers,Male,57,Consulting Firms
DM-13015,Darrin Martin,Female,30,Retail & Hospitality
DS-13030,Darrin Sayre,Male,57,Hospitals
DV-13045,Darrin Van Huff,Male,25,Insurance
DB-13060,Dave Brooks,Female,60,Marketing & Advertising Agencies
DH-13075,Dave Hallsten,Male,65,Federal Government Agencies
DK-13090,Dave Kipp,Female,31,Insurance
DP-13105,Dave Poirier,Male,37,Professional & Trade Associations
DB-13120,David Bremer,Female,22,Clinics
DF-13135,David Flashing,Female,29,Corporate Headquarters
DK-13150,David Kendrick,Female,20,Legal Services
DP-13165,David Philippe,Male,50,Consulting Firms
DS-13180,David Smith,Female,31,Retail & Hospitality
DW-13195,David Wiener,Male,42,Construction & Engineering
DB-13210,Dean Braden,Female,48,K-12 Schools
DK-13225,Dean Katz,Female,21,Legal Services
Dp-13240,Dean percer,Male,57,Clinics
DE-13255,Deanra Eno,Male,45,Consulting Firms
DB-13270,Deborah Brumfield,Male,50,Financial Services
DC-13285,Debra Catini,Male,62,Financial Services
DG-13300,Deirdre Greer,Male,47,Clinics
DL-13315,Delfina Latchford,Female,20,Construction & Engineering
DL-13330,Denise Leinenbach,Male,60,Consulting Firms
DM-13345,Denise Monton,Female,55,Hospitals
DB-13360,Dennis Bolton,Male,41,Financial Services
DK-13375,Dennis Kane,Male,47,Charitable Organizations and Foundations
DP-13390,Dennis Pardue,Female,32,Marketing & Advertising Agencies
DB-13405,Denny Blanton,Female,39,Professional & Trade Associations
DJ-13420,Denny Joy,Female,57,Hospitals
DO-13435,Denny Ordway,Male,48,Hospitals
DA-13450,Dianna Arnett,Female,61,Financial Services
DV-13465,Dianna Vittorini,Male,45,Corporate Headquarters
DW-13480,Dianna Wilson,Female,40,Technology & IT
DL-13495,Dionis Lloyd,Female,38,Technology & IT
DJ-13510,Don Jones,Male,61,Federal Government Agencies
DM-13525,Don Miller,Male,30,Financial Services
DW-13540,Don Weiss,Male,46,Marketing & Advertising Agencies
DB-13555,Dorothy Badders,Male,56,Legal Services
DD-13570,Dorothy Dickinson,Male,38,Real Estate
DW-13585,Dorothy Wardle,Male,24,Legal Services
Dl-13600,Dorris liebe,Male,55,K-12 Schools
DB-13615,Doug Bickford,Female,64,Marketing & Advertising Agencies
DJ-13630,Doug Jacobs,Male,63,Consulting Firms
DO-13645,Doug O'Connell,Female,56,K-12 Schools
DB-13660,Duane Benoit,Male,36,Corporate Headquarters
DH-13675,Duane Huffman,Female,55,Technology & IT
DN-13690,Duane Noonan,Female,39,Technology & IT
EB-13705,Ed Braxton,Female,40,Real Estate
EJ-13720,Ed Jacobs,Female,31,K-12 Schools
EL-13735,Ed Ludwig,Male,48,Financial Services
EB-13750,Edward Becker,Male,45,Real Estate
EH-13765,Edward Hooks,Female,51,Consulting Firms
EN-13780,Edward Nazzal,Male,54,Legal Services
EK-13795,Eileen Kiefer,Male,56,Real Estate
EM-13810,Eleni McCrary,Male,20,Marketing & Advertising Agencies
EM-13825,Elizabeth Moffitt,Male,64,Marketing & Advertising Agencies
EB-13840,Ellis Ballard,Female,57,Hospitals
ER-13855,Elpida Rittenbach,Female,62,Hospitals
EB-13870,Emily Burns,Female,57,Marketing & Advertising Agencies
ED-13885,Emily Ducich,Male,31,Charitable Organizations and Foundations
EG-13900,Emily Grady,Female,31,Retail & Hospitality
EP-13915,Emily Phan,Female,38,Corporate Headquarters
EB-13930,Eric Barreto,Female,63,Technology & IT
EH-13945,Eric Hoffmann,Male,37,Hospitals
EM-13960,Eric Murdock,Female,42,Financial Services
EB-13975,Erica Bern,Female,44,Retail & Hospitality
EH-13990,Erica Hackney,Female,47,Retail & Hospitality
EH-14005,Erica Hernandez,Male,35,Legal Services
ES-14020,Erica Smith,Male,56,K-12 Schools
EA-14035,Erin Ashbrook,Female,48,Marketing & Advertising Agencies
EC-14050,Erin Creighton,Male,57,Marketing & Advertising Agencies
EM-14065,Erin Mull,Male,58,Legal Services
ES-14080,Erin Smith,Male,50,Hospitals
EM-14095,Eudokia Martin,Female,23,Marketing & Advertising Agencies
EB-14110,Eugene Barchas,Male,29,Consulting Firms
EH-14125,Eugene Hildebrand,Female,54,K-12 Schools
EM-14140,Eugene Moren,Male,27,Insurance
EJ-14155,Eva Jacobs,Female,58,Technology & IT
EB-14170,Evan Bailliet,Female,36,Legal Services
EH-14185,Evan Henry,Male,42,Clinics
EM-14200,Evan Minnotte,Male,26,Federal Government Agencies
FM-14215,Filia McAdams,Female,35,Consulting Firms
FA-14230,Frank Atkinson,Female,54,Technology & IT
FC-14245,Frank Carlisle,Male,37,Corporate Headquarters
FG-14260,Frank Gastineau,Female,39,Federal Government Agencies
FH-14275,Frank Hawley,Female,31,Professional & Trade Associations
FM-14290,Frank Merwin,Female,49,Construction & Engineering
FO-14305,Frank Olsen,Female,35,Legal Services
FP-14320,Frank Preis,Male,38,Charitable Organizations and Foundations
FC-14335,Fred Chung,Female,54,Retail & Hospitality
FH-14350,Fred Harton,Male,42,Real Estate
FH-14365,Fred Hopkins,Female,28,Construction & Engineering
FM-14380,Fred McMath,Female,47,Insurance
FW-14395,Fred Wasserman,Female,52,Retail & Hospitality
GH-14410,Gary Hansen,Male,26,Legal Services
GH-14425,Gary Hwang,Male,45,Real Estate
GM-14440,Gary McGarr,Male,29,Marketing & Advertising Agencies
GM-14455,Gary Mitchum,Male,55,Charitable Organizations and Foundations
GZ-14470,Gary Zandusky,Female,21,Real Estate
GH-14485,Gene Hale,Female,27,Federal Government Agencies
GM-14500,Gene McClure,Female,26,Corporate Headquarters
GA-14515,George Ashbrook,Female,42,Clinics
GB-14530,George Bell,Female,23,Professional & Trade Associations
GZ-14545,George Zrebassa,Male,33,Charitable Organizations and Foundations
GR-14560,Georgia Rosenberg,Male,44,Charitable Organizations and Foundations
GB-14575,Giulietta Baptist,Female,38,Professional & Trade Associations
GD-14590,Giulietta Dortch,Male,44,Professional & Trade Associations
GW-14605,Giulietta Weimer,Male,41,Real Estate
GK-14620,Grace Kelly,Male,40,Retail & Hospitality
GT-14635,Grant Thornton,Male,44,Legal Services
GG-14650,Greg Guthrie,Male,50,Legal Services
GH-14665,Greg Hansen,Female,24,Construction & Engineering
GM-14680,Greg Matthias,Female,42,Charitable Organizations and Foundations
GM-14695,Greg Maxwell,Male,62,Hospitals
GT-14710,Greg Tran,Female,57,Federal Government Agencies
GA-14725,Guy Armstrong,Male,25,Insurance
GP-14740,Guy Phonely,Female,35,Charitable Organizations and Foundations
GT-14755,Guy Thornton,Female,32,Retail & Hospitality
HR-14770,Hallie Redmond,Male,39,Professional & Trade Associations
HD-14785,Harold Dahlen,Male,28,Technology & IT
HE-14800,Harold Engle,Male,43,Charitable Organizations and Foundations
HP-14815,Harold Pawlan,Female,53,Financial Services
HR-14830,Harold Ryan,Male,45,Real Estate
HG-14845,Harry Greene,Male,51,Real Estate
HM-14860,Harry Marie,Male,49,Retail & Hospitality
HO-15230,Harry Olson,Female,44,Real Estate
HO-15234,Harry Olson,Female,22,Marketing & Advertising Agencies
HO-15233,Harry Olson,Female,58,Federal Government Agencies
HO-15232,Harry Olson,Male,20,Legal Services
HO-15231,Harry Olson,Female,50,Clinics
HO-15234,Harry Olson,Female,24,Insurance
HO-15233,Harry Olson,Male,42,K-12 Schools
HO-15232,Harry Olson,Female,65,Charitable Organizations and Foundations
HO-15231,Harry Olson,Female,34,Clinics
HO-15230,Harry Olson,Female,23,Clinics
HJ-14875,Heather Jas,Male,23,Hospitals
HK-14890,Heather Kirkland,Female,42,Retail & Hospitality
HA-14905,Helen Abelman,Male,44,Financial Services
HA-14920,Helen Andreada,Female,35,Retail & Hospitality
HW-14935,Helen Wasserman,Female,38,Legal Services
HZ-14950,Henia Zydlo,Male,49,Financial Services
HG-14965,Henry Goldwyn,Female,22,Financial Services
HM-14980,Henry MacAllister,Male,41,Insurance
HF-14995,Herbert Flentye,Male,61,Consulting Firms
HH-15010,Hilary Holden,Male,58,Corporate Headquarters
HG-15025,Hunter Glantz,Female,56,Financial Services
HL-15040,Hunter Lopez,Male,29,Insurance
IM-15055,Ionia McGrath,Female,60,Real Estate
IM-15070,Irene Maddox,Male,61,Technology & IT
IG-15085,Ivan Gibson,Male,58,Corporate Headquarters
IL-15100,Ivan Liston,Female,61,Retail & Hospitality
JG-15115,Jack Garza,Male,63,Insurance
JL-15130,Jack Lebron,Female,55,Real Estate
JO-15145,Jack O'Briant,Male,21,Corporate Headquarters
JG-15160,James Galang,Male,64,Corporate Headquarters
JL-15175,James Lanier,Female,62,Consulting Firms
JP-11135,James Peterman,Female,32,K-12 Schools
JF-15190,Jamie Frazer,Female,34,Marketing & Advertising Agencies
JK-15205,Jamie Kunitz,Female,28,Corporate Headquarters
JW-15220,Jane Waco,Male,25,Charitable Organizations and Foundations
JL-15235,Janet Lee,Male,31,Clinics
JM-15250,Janet Martin,Female,44,Charitable Organizations and Foundations
JM-15265,Janet Molinari,Female,29,Charitable Organizations and Foundations
JO-15280,Jas O'Carroll,Female,53,Technology & IT
JF-15295,Jason Fortune-,Male,36,Real Estate
JG-15310,Jason Gross,Female,46,Clinics
JK-15325,Jason Klamczynski,Male,45,Consulting Firms
JC-15340,Jasper Cacioppo,Male,56,Charitable Organizations and Foundations
JF-15355,Jay Fein,Male,54,Legal Services
JK-15370,Jay Kimmel,Male,47,Corporate Headquarters
JC-15385,Jenna Caffey,Male,24,Legal Services
JB-15400,Jennifer Braxton,Male,43,Consulting Firms
JF-15415,Jennifer Ferguson,Male,63,Real Estate
JH-15430,Jennifer Halladay,Male,26,Insurance
JJ-15445,Jennifer Jackson,Female,59,Clinics
JP-15460,Jennifer Patt,Female,24,Clinics
JS-13215,Jennifer Sheldon,Female,22,Federal Government Agencies
JE-15475,Jeremy Ellison,Female,28,Hospitals
JF-15490,Jeremy Farry,Male,36,Insurance
JL-15505,Jeremy Lonsdale,Male,61,Legal Services
JP-15520,Jeremy Pistek,Female,47,Professional & Trade Associations
JM-15535,Jessica Myrick,Female,23,Real Estate
JO-15550,Jesus Ocampo,Female,39,Retail & Hospitality
JF-15565,Jill Fjeld,Female,61,Real Estate
JM-15580,Jill Matthias,Female,33,Marketing & Advertising Agencies
JS-15595,Jill Stevenson,Male,64,Real Estate
JT-12540,Jill Trafton,Male,52,Insurance
JE-15610,Jim Epp,Female,61,Real Estate
JK-15625,Jim Karlsson,Male,25,Clinics
JK-15640,Jim Kriz,Female,23,Federal Government Agencies
JM-15655,Jim Mitchum,Female,29,Technology & IT
JR-15670,Jim Radford,Male,63,Insurance
JS-15685,Jim Sink,Male,62,Federal Government Agencies
JR-15700,Jocasta Rupert,Female,52,Professional & Trade Associations
JE-15715,Joe Elijah,Male,36,Retail & Hospitality
JK-15730,Joe Kamberova,Female,44,Professional & Trade Associations
JE-15745,Joel Eaton,Female,42,Construction & Engineering
JJ-15760,Joel Jenkins,Female,34,K-12 Schools
JC-15775,John Castell,Female,54,Retail & Hospitality
JD-15790,John Dryer,Male,43,Consulting Firms
JG-15805,John Grady,Male,52,Real Estate
JH-15820,John Huston,Male,41,Legal Services
JL-15835,John Lee,Female,47,Financial Services
JL-15850,John Lucas,Male,20,Federal Government Agencies
JM-15865,John Murray,Male,29,Real Estate
JS-15880,John Stevenson,Male,53,Hospitals
JD-15895,Jonathan Doherty,Male,22,K-12 Schools
JH-15910,Jonathan Howell,Female,27,Insurance
JB-15925,Joni Blumstein,Male,35,Federal Government Agencies
JS-15940,Joni Sundaresam,Female,32,Charitable Organizations and Foundations
JW-15955,Joni Wasserman,Female,26,Professional & Trade Associations
JA-15970,Joseph Airdo,Male,28,Professional & Trade Associations
JH-15985,Joseph Holt,Male,34,K-12 Schools
JB-16000,Joy Bell-,Female,47,Retail & Hospitality
JD-16015,Joy Daniels,Male,44,Technology & IT
JS-16030,Joy Smith,Female,39,Professional & Trade Associations
JB-16045,Julia Barnett,Male,35,Consulting Firms
JD-16060,Julia Dunbar,Male,65,Insurance
JW-16075,Julia West,Female,44,Financial Services
JK-16090,Juliana Krohn,Male,48,Construction & Engineering
JC-16105,Julie Creighton,Male,55,Retail & Hospitality
JK-16120,Julie Kriz,Male,40,Marketing & Advertising Agencies
JP-16135,Julie Prescott,Male,63,Technology & IT
JD-16150,Justin Deggeller,Male,52,Insurance
JE-16165,Justin Ellison,Male,21,Construction & Engineering
JH-16180,Justin Hirsh,Male,61,Real Estate
JM-16195,Justin MacKendrick,Male,52,K-12 Schools
JR-16210,Justin Ritter,Female,24,Retail & Hospitality
KM-16225,Kalyca Meade,Male,20,Hospitals
KB-16240,Karen Bern,Female,62,K-12 Schools
KC-16255,Karen Carlisle,Male,46,Corporate Headquarters
KD-16270,Karen Daniels,Female,53,Technology & IT
KF-16285,Karen Ferguson,Female,39,Consulting Firms
KS-16300,Karen Seio,Female,33,Professional & Trade Associations
KB-16315,Karl Braun,Female,43,K-12 Schools
KH-16330,Katharine Harms,Female,54,Federal Government Agencies
KD-16345,Katherine Ducich,Female,21,Real Estate
KH-16360,Katherine Hughes,Male,58,Corporate Headquarters
KM-16375,Katherine Murray,Male,30,Retail & Hospitality
KN-16390,Katherine Nockton,Male,44,Retail & Hospitality
KB-16405,Katrina Bavinger,Male,65,Financial Services
KE-16420,Katrina Edelman,Male,35,Marketing & Advertising Agencies
KW-16435,Katrina Willman,Female,57,Insurance
KN-16450,Kean Nguyen,Male,62,Consulting Firms
KT-16465,Kean Takahito,Female,55,Consulting Firms
KT-16480,Kean Thornton,Male,30,Financial Services
KD-16495,Keith Dawkins,Female,48,Federal Government Agencies
KH-16510,Keith Herrera,Female,34,Corporate Headquarters
KA-16525,Kelly Andreada,Male,24,Clinics
KC-16540,Kelly Collister,Female,62,Hospitals
KL-16555,Kelly Lampkin,Male,48,Hospitals
KW-16570,Kelly Williams,Female,54,Retail & Hospitality
KB-16585,Ken Black,Female,34,Financial Services
KB-16600,Ken Brennan,Female,35,Legal Services
KD-16615,Ken Dana,Male,48,Technology & IT
KH-16630,Ken Heidel,Female,59,Legal Services
KL-16645,Ken Lonsdale,Male,63,Consulting Firms
KM-16660,Khloe Miller,Female,56,Insurance
KC-16675,Kimberly Carter,Male,57,Legal Services
KH-16690,Kristen Hastings,Female,49,Marketing & Advertising Agencies
KN-16705,Kristina Nunn,Male,39,Federal Government Agencies
KM-16720,Kunst Miller,Male,25,K-12 Schools
LB-16735,Larry Blacks,Female,64,Clinics
LH-16750,Larry Hughes,Female,28,Clinics
LT-16765,Larry Tron,Male,21,Corporate Headquarters
LA-16780,Laura Armstrong,Female,35,Technology & IT
LB-16795,Laurel Beltran,Female,37,Retail & Hospitality
LE-16810,Laurel Elliston,Male,40,Federal Government Agencies
LW-16825,Laurel Workman,Female,28,Retail & Hospitality
LL-16840,Lauren Leatherbury,Male,41,K-12 Schools
LD-16855,Lela Donovan,Female,47,Insurance
LC-16870,Lena Cacioppo,Female,51,Technology & IT
LC-16885,Lena Creighton,Male,41,Legal Services
LH-16900,Lena Hernandez,Male,55,Hospitals
LR-16915,Lena Radford,Female,28,Construction & Engineering
LC-16930,Linda Cazamias,Male,55,Corporate Headquarters
LS-16945,Linda Southworth,Male,20,Marketing & Advertising Agencies
LC-16960,Lindsay Castell,Male,59,Consulting Firms
LS-16975,Lindsay Shagiari,Male,55,Federal Government Agencies
LW-16990,Lindsay Williams,Female,27,Marketing & Advertising Agencies
LD-17005,Lisa DeCherney,Male,34,Charitable Organizations and Foundations
LH-17020,Lisa Hazard,Female,65,Charitable Organizations and Foundations
LR-17035,Lisa Ryan,Male,32,Corporate Headquarters
LC-17050,Liz Carlisle,Female,62,Real Estate
LM-17065,Liz MacKendrick,Male,53,Marketing & Advertising Agencies
LP-17080,Liz Pelletier,Female,31,Charitable Organizations and Foundations
LP-17095,Liz Preis,Female,46,Technology & IT
LT-17110,Liz Thompson,Female,52,K-12 Schools
LW-17125,Liz Willingham,Female,24,Legal Services
LC-17140,Logan Currie,Male,55,Clinics
LH-17155,Logan Haushalter,Male,44,Real Estate
LO-17170,Lori Olson,Male,41,Technology & IT
LF-17185,Luke Foster,Female,58,Retail & Hospitality
LS-17200,Luke Schmidt,Male,44,Hospitals
LW-17215,Luke Weiss,Female,62,Retail & Hospitality
LS-17230,Lycoris Saunders,Male,64,Real Estate
LS-17245,Lynn Smith,Female,48,Corporate Headquarters
MM-17260,Magdelene Morse,Male,37,Retail & Hospitality
MC-17275,Marc Crier,Male,45,Clinics
MH-17290,Marc Harrigan,Female,31,Consulting Firms
MB-17305,Maria Bertelson,Female,38,K-12 Schools
ME-17320,Maria Etezadi,Female,55,Corporate Headquarters
MZ-17335,Maria Zettner,Male,46,Corporate Headquarters
MD-17350,Maribeth Dona,Female,59,Retail & Hospitality
MS-17365,Maribeth Schnelling,Male,43,Insurance
MY-17380,Maribeth Yedwab,Female,29,Professional & Trade Associations
ML-17395,Marina Lichtenstein,Female,35,Technology & IT
ML-17410,Maris LaWare,Male,57,Charitable Organizations and Foundations
MC-17425,Mark Cousins,Female,33,Retail & Hospitality
MH-17440,Mark Haberlin,Male,43,Consulting Firms
MH-17455,Mark Hamilton,Male,54,Financial Services
MP-17470,Mark Packer,Male,36,Construction & Engineering
MV-17485,Mark Van Huff,Male,22,Retail & Hospitality
MO-17500,Mary O'Rourke,Male,53,Clinics
MZ-17515,Mary Zewe,Female,59,Consulting Firms
MS-17530,MaryBeth Skach,Male,62,Consulting Firms
MR-17545,Mathew Reese,Female,54,Insurance
MA-17560,Matt Abelman,Male,34,Real Estate
MC-17575,Matt Collins,Female,53,K-12 Schools
MC-17590,Matt Collister,Female,26,K-12 Schools
MC-17605,Matt Connell,Female,26,Financial Services
MH-17620,Matt Hagelstein,Female,23,Clinics
MC-17635,Matthew Clasen,Female,34,Retail & Hospitality
MG-17650,Matthew Grinstein,Female,55,Legal Services
MF-17665,Maureen Fritzler,Male,48,Financial Services
MG-17680,Maureen Gastineau,Female,52,Financial Services
MG-17695,Maureen Gnade,Male,54,Legal Services
MS-17710,Maurice Satty,Male,64,Consulting Firms
ME-17725,Max Engle,Male,63,Marketing & Advertising Agencies
MJ-17740,Max Jones,Female,56,Insurance
ML-17755,Max Ludwig,Male,60,Hospitals
MS-17770,Maxwell Schwartz,Female,54,Consulting Firms
MH-17785,Maya Herman,Male,27,Federal Government Agencies
MO-17800,Meg O'Connel,Female,29,Construction & Engineering
MT-17815,Meg Tillman,Female,38,Insurance
MS-17830,Melanie Seite,Female,59,Professional & Trade Associations
MC-17845,Michael Chen,Female,33,Corporate Headquarters
MD-17860,Michael Dominguez,Female,39,Professional & Trade Associations
MG-17875,Michael Grace,Female,44,Technology & IT
MG-17890,Michael Granlund,Female,45,Construction & Engineering
MK-17905,Michael Kennedy,Male,33,Retail & Hospitality
MK-19560,Michael Knudson,Male,54,K-12 Schools
MM-17920,Michael Moore,Female,47,Consulting Firms
MN-17935,Michael Nguyen,Male,51,Marketing & Advertising Agencies
MO-17950,Michael Oakman,Male,56,Legal Services
MP-17965,Michael Paige,Male,47,Hospitals
MS-17980,Michael Stewart,Female,65,Marketing & Advertising Agencies
MA-17995,Michelle Arnett,Male,32,Real Estate
ME-18010,Michelle Ellison,Female,51,Clinics
MH-18025,Michelle Huthwaite,Male,24,Consulting Firms
ML-18040,Michelle Lonsdale,Female,54,Technology & IT
MM-18055,Michelle Moray,Female,34,Marketing & Advertising Agencies
MT-18070,Michelle Tran,Male,36,Charitable Organizations and Foundations
MB-18085,Mick Brown,Female,25,Technology & IT
MC-18100,Mick Crebagga,Male,44,Corporate Headquarters
MH-18115,Mick Hernandez,Female,62,Professional & Trade Associations
MC-18130,Mike Caudle,Male,46,Insurance
MG-18145,Mike Gockenbach,Male,48,Federal Government Agencies
MK-18160,Mike Kennedy,Female,27,K-12 Schools
MP-18175,Mike Pelletier,Male,46,Technology & IT
MV-18190,Mike Vittorini,Female,37,Financial Services
MG-18205,Mitch Gastineau,Male,31,Federal Government Agencies
MW-18220,Mitch Webber,Female,51,Construction & Engineering
MW-18235,Mitch Willingham,Male,39,Retail & Hospitality
MF-18250,Monica Federle,Female,58,Technology & IT
ML-18265,Muhammed Lee,Female,46,Marketing & Advertising Agencies
MM-18280,Muhammed MacIntyre,Female,51,Construction & Engineering
MY-18295,Muhammed Yedwab,Male,25,Retail & Hospitality
NL-18310,Nancy Lomonaco,Male,43,Real Estate
NP-18325,Naresj Patel,Male,27,Marketing & Advertising Agencies
NC-18340,Nat Carroll,Male,53,Charitable Organizations and Foundations
NG-18355,Nat Gilpin,Female,65,Legal Services
ND-18370,Natalie DeCherney,Female,62,Federal Government Agencies
NF-18385,Natalie Fritzler,Female,28,Corporate Headquarters
NW-18400,Natalie Webber,Female,38,Hospitals
NC-18415,Nathan Cano,Female,20,Federal Government Agencies
NG-18430,Nathan Gelder,Female,31,Professional & Trade Associations
NM-18445,Nathan Mautz,Female,27,Federal Government Agencies
NC-19470,Neil Cohen,Female,36,Federal Government Agencies
ND-18460,Neil Ducich,Female,42,Charitable Organizations and Foundations
NF-18475,Neil Französisch,Male,40,Consulting Firms
NK-18490,Neil Knudson,Male,34,Retail & Hospitality
NS-18505,Neola Schneider,Male,42,Legal Services
NM-18520,Neoma Murray,Male,48,Financial Services
NC-18535,Nick Crebassa,Female,22,Construction & Engineering
NR-18550,Nick Radford,Female,40,Hospitals
NZ-18565,Nick Zandusky,Male,20,Consulting Firms
NB-18580,Nicole Brennan,Female,53,Marketing & Advertising Agencies
NF-18595,Nicole Fjeld,Male,57,Financial Services
NH-18610,Nicole Hansen,Male,21,Clinics
NC-18625,Noah Childs,Female,65,Construction & Engineering
NS-18640,Noel Staavos,Male,27,Charitable Organizations and Foundations
NB-18655,Nona Balk,Female,62,Charitable Organizations and Foundations
NP-18670,Nora Paige,Male,41,Professional & Trade Associations
NP-18685,Nora Pelletier,Male,51,Retail & Hospitality
NP-18700,Nora Preis,Female,44,Legal Services
ON-18715,Odella Nelson,Male,49,Legal Services
OT-18730,Olvera Toch,Male,47,Construction & Engineering
PC-18745,Pamela Coakley,Female,41,Legal Services
PS-18760,Pamela Stobb,Female,21,Consulting Firms
PN-18775,Parhena Norris,Female,56,Federal Government Agencies
PH-18790,Patricia Hirasaki,Male,62,Legal Services
PB-18805,Patrick Bzostek,Male,47,Insurance
PG-18820,Patrick Gardner,Female,53,Marketing & Advertising Agencies
PJ-18835,Patrick Jones,Female,39,Clinics
PO-18850,Patrick O'Brill,Female,64,Clinics
PO-18865,Patrick O'Donnell,Female,32,K-12 Schools
PR-18880,Patrick Ryan,Female,21,Clinics
PG-18895,Paul Gonzalez,Female,35,Hospitals
PK-18910,Paul Knutson,Female,41,Retail & Hospitality
PL-18925,Paul Lucas,Male,42,Retail & Hospitality
PM-18940,Paul MacIntyre,Female,32,Construction & Engineering
PP-18955,Paul Prost,Female,40,Financial Services
PS-18970,Paul Stevenson,Male,46,Retail & Hospitality
PV-18985,Paul Van Hugh,Female,20,Technology & IT
PC-19000,Pauline Chand,Male,38,Real Estate
PJ-19015,Pauline Johnson,Male,44,Real Estate
PW-19030,Pauline Webber,Male,54,Insurance
PS-19045,Penelope Sewall,Female,54,Retail & Hospitality
PA-19060,Pete Armstrong,Male,24,Corporate Headquarters
PK-19075,Pete Kriz,Female,58,Clinics
PT-19090,Pete Takahito,Male,59,Consulting Firms
PB-19105,Peter Bühler,Male,56,Professional & Trade Associations
PF-19120,Peter Fuller,Female,34,Insurance
PM-19135,Peter McVee,Female,35,Marketing & Advertising Agencies
PB-19150,Philip Brown,Female,31,Retail & Hospitality
PF-19165,Philip Fox,Female,37,Insurance
PO-19180,Philisse Overcash,Female,62,Insurance
PO-19195,Phillina Ober,Male,56,Financial Services
PB-19210,Phillip Breyer,Female,61,Clinics
PF-19225,Phillip Flathmann,Female,30,Consulting Firms
PW-19240,Pierre Wener,Male,26,Insurance
QJ-19255,Quincy Jones,Male,24,Professional & Trade Associations
RP-19270,Rachel Payne,Female,30,Hospitals
RA-19285,Ralph Arnett,Female,42,Federal Government Agencies
RK-19300,Ralph Kennedy,Female,27,Federal Government Agencies
RR-19315,Ralph Ritter,Female,51,Professional & Trade Associations
RB-19330,Randy Bradley,Male,31,Legal Services
RF-19345,Randy Ferguson,Female,49,Hospitals
RB-19360,Raymond Buch,Male,42,Real Estate
RM-19375,Raymond Messe,Male,52,Federal Government Agencies
RP-19390,Resi Pölking,Female,51,Technology & IT
RE-19405,Ricardo Emerson,Male,31,Insurance
RS-19420,Ricardo Sperren,Male,22,Marketing & Advertising Agencies
RB-19435,Richard Bierner,Male,41,Real Estate
RE-19450,Richard Eichhorn,Male,60,Consulting Firms
RB-19465,Rick Bensley,Male,21,Marketing & Advertising Agencies
RD-19480,Rick Duston,Female,58,Clinics
RH-19495,Rick Hansen,Female,22,Hospitals
RH-19510,Rick Huthwaite,Female,20,K-12 Schools
RR-19525,Rick Reed,Female,26,Corporate Headquarters
RW-19540,Rick Wilson,Male,40,Marketing & Advertising Agencies
RH-19555,Ritsa Hightower,Male,58,Retail & Hospitality
RB-19570,Rob Beeghly,Female,43,Charitable Organizations and Foundations
RD-19585,Rob Dowd,Female,20,Charitable Organizations and Foundations
RH-19600,Rob Haberlin,Female,22,Federal Government Agencies
RL-19615,Rob Lucas,Female,58,Technology & IT
RW-19630,Rob Williams,Male,43,Retail & Hospitality
RB-19645,Robert Barroso,Male,51,Financial Services
RD-19660,Robert Dilbeck,Male,40,Marketing & Advertising Agencies
RM-19675,Robert Marley,Female,49,Legal Services
RW-19690,Robert Waldorf,Male,60,Clinics
RB-19705,Roger Barcio,Male,22,Federal Government Agencies
RD-19720,Roger Demir,Female,27,Charitable Organizations and Foundations
RF-19735,Roland Fjeld,Male,20,Marketing & Advertising Agencies
RM-19750,Roland Murray,Male,59,Federal Government Agencies
RS-19765,Roland Schwarz,Male,45,Professional & Trade Associations
RO-19780,Rose O'Brian,Male,33,Professional & Trade Associations
RB-19795,Ross Baird,Female,27,Charitable Organizations and Foundations
RD-19810,Ross DeVincentis,Female,38,Technology & IT
RC-19825,Roy Collins,Male,31,Clinics
RF-19840,Roy Französisch,Female,53,Financial Services
RP-19855,Roy Phan,Male,41,Legal Services
RS-19870,Roy Skaria,Male,50,Legal Services
RA-19885,Ruben Ausman,Male,39,Financial Services
RD-19900,Ruben Dartt,Female,59,Retail & Hospitality
RA-19915,Russell Applegate,Male,65,K-12 Schools
RD-19930,Russell D'Ascenzo,Male,26,Real Estate
RA-19945,Ryan Akin,Male,50,Corporate Headquarters
RC-19960,Ryan Crowe,Male,65,Clinics
SH-19975,Sally Hughsby,Female,25,Legal Services
SK-19990,Sally Knutson,Male,65,Clinics
SM-20005,Sally Matthias,Female,29,Federal Government Agencies
SC-20020,Sam Craven,Female,22,Federal Government Agencies
SZ-20035,Sam Zeldin,Female,23,Technology & IT
SC-20050,Sample Company A,Female,33,Clinics
SF-20065,Sandra Flanagan,Female,45,Construction & Engineering
SG-20080,Sandra Glassco,Male,42,Technology & IT
SC-20095,Sanjit Chand,Female,37,Professional & Trade Associations
SE-20110,Sanjit Engle,Male,34,Corporate Headquarters
SJ-20125,Sanjit Jacobs,Male,64,Hospitals
SS-20140,Saphhira Shifley,Male,41,Consulting Firms
SL-20155,Sara Luxemburg,Male,55,Legal Services
SB-20170,Sarah Bern,Male,61,Retail & Hospitality
SB-20185,Sarah Brown,Male,34,Consulting Firms
SF-20200,Sarah Foster,Male,20,Professional & Trade Associations
SJ-20215,Sarah Jordon,Female,59,Marketing & Advertising Agencies
SC-20230,Scot Coram,Female,63,Retail & Hospitality
SW-20245,Scot Wooten,Male,59,Legal Services
SC-20260,Scott Cohen,Male,51,Hospitals
SW-20275,Scott Williamson,Female,23,Retail & Hospitality
SB-20290,Sean Braxton,Male,63,Corporate Headquarters
SC-20305,Sean Christensen,Female,60,Clinics
SM-20320,Sean Miller,Male,45,Corporate Headquarters
SO-20335,Sean O'Donnell,Female,46,Technology & IT
SW-20350,Sean Wendt,Female,36,Consulting Firms
SV-20365,Seth Vernon,Female,29,Professional & Trade Associations
SC-20380,Shahid Collister,Female,27,Clinics
SH-20395,Shahid Hopkins,Female,51,K-12 Schools
SS-20410,Shahid Shariari,Male,65,Legal Services
SR-20425,Sharelle Roach,Male,54,Professional & Trade Associations
SC-20440,Shaun Chance,Female,28,Construction & Engineering
SW-20455,Shaun Weien,Male,42,Construction & Engineering
SG-20470,Sheri Gordon,Male,60,Retail & Hospitality
SD-20485,Shirley Daniels,Male,34,Consulting Firms
SJ-20500,Shirley Jackson,Female,55,Insurance
SS-20515,Shirley Schmidt,Male,60,Real Estate
ST-20530,Shui Tom,Female,53,Real Estate
SP-20545,Sibella Parks,Male,27,Financial Services
SN-20560,Skye Norling,Female,44,K-12 Schools
SC-20575,Sonia Cooley,Female,63,Insurance
SS-20590,Sonia Sunley,Male,20,Hospitals
SG-20605,Speros Goranitis,Female,55,Corporate Headquarters
SP-20620,Stefania Perrino,Female,46,Clinics
SH-20635,Stefanie Holloman,Female,52,Charitable Organizations and Foundations
SP-20650,Stephanie Phelps,Female,32,Charitable Organizations and Foundations
SU-20665,Stephanie Ulpright,Female,33,Professional & Trade Associations
SC-20680,Steve Carroll,Male,36,K-12 Schools
SC-20695,Steve Chapman,Female,47,Insurance
SN-20710,Steve Nguyen,Female,51,Consulting Firms
SC-20725,Steven Cartwright,Male,44,Marketing & Advertising Agencies
SR-20740,Steven Roelle,Female,53,Financial Services
SW-20755,Steven Ward,Male,46,Consulting Firms
SC-20770,Stewart Carmichael,Male,65,K-12 Schools
SV-20785,Stewart Visinsky,Male,21,Clinics
SC-20800,Stuart Calhoun,Female,61,Corporate Headquarters
SV-20815,Stuart Van,Female,25,K-12 Schools
SA-20830,Sue Ann Reed,Male,25,Marketing & Advertising Agencies
SC-20845,Sung Chung,Male,33,Professional & Trade Associations
SP-20860,Sung Pak,Female,34,Construction & Engineering
SS-20875,Sung Shariari,Female,37,K-12 Schools
SG-20890,Susan Gilcrest,Female,27,Construction & Engineering
SM-20905,Susan MacKendrick,Male,53,Clinics
SP-20920,Susan Pistek,Female,45,Insurance
SV-20935,Susan Vittorini,Female,48,Technology & IT
SM-20950,Suzanne McNair,Male,37,Financial Services
SF-20965,Sylvia Foulston,Male,39,Corporate Headquarters
TC-20980,Tamara Chand,Male,25,Technology & IT
TD-20995,Tamara Dahlen,Male,52,Consulting Firms
TM-21010,Tamara Manning,Male,62,Insurance
TW-21025,Tamara Willingham,Male,62,Real Estate
TN-21040,Tanja Norvell,Male,50,K-12 Schools
TB-21055,Ted Butterfield,Female,26,Marketing & Advertising Agencies
TT-21070,Ted Trevino,Male,32,Clinics
TS-21085,Thais Sissman,Female,63,Charitable Organizations and Foundations
TH-21100,Thea Hendricks,Male,31,Insurance
TH-21115,Thea Hudgings,Female,61,Real Estate
TP-21130,Theone Pippenger,Female,51,Real Estate
TC-21145,Theresa Coyne,Female,28,Technology & IT
TS-21160,Theresa Swint,Female,30,Retail & Hospitality
TB-21175,Thomas Boland,Female,62,Federal Government Agencies
TB-21190,Thomas Brumley,Female,22,Real Estate
TS-21205,Thomas Seio,Male,57,Charitable Organizations and Foundations
TT-21220,Thomas Thornton,Male,52,Legal Services
TH-21235,Tiffany House,Male,45,Professional & Trade Associations
TB-21250,Tim Brockman,Male,63,Construction & Engineering
TT-21265,Tim Taslimi,Male,43,Real Estate
TB-21280,Toby Braunhardt,Female,60,Construction & Engineering
TC-21295,Toby Carlisle,Male,62,Legal Services
TG-21310,Toby Gnade,Female,46,Insurance
TR-21325,Toby Ritter,Male,37,Retail & Hospitality
TS-21340,Toby Swindell,Male,38,Clinics
TB-21355,Todd Boyes,Female,60,Real Estate
TS-21370,Todd Sumrall,Female,34,K-12 Schools
TA-21385,Tom Ashbrook,Female,53,Insurance
TB-21400,Tom Boeckenhauer,Male,43,Corporate Headquarters
TP-21415,Tom Prescott,Female,62,Construction & Engineering
TS-21430,Tom Stivers,Male,40,Marketing & Advertising Agencies
TT-21460,Tonja Turnell,Female,26,Charitable Organizations and Foundations
TC-21475,Tony Chapman,Female,33,K-12 Schools
TM-21490,Tony Molinari,Male,52,Charitable Organizations and Foundations
TS-21505,Tony Sayre,Female,31,Retail & Hospitality
TB-21520,Tracy Blumstein,Male,41,Real Estate
TC-21535,Tracy Collins,Female,52,Financial Services
TH-21550,Tracy Hopkins,Male,33,Technology & IT
TP-21565,Tracy Poddar,Female,52,Retail & Hospitality
TZ-21580,Tracy Zic,Male,49,Corporate Headquarters
TB-21595,Troy Blackwell,Female,55,Real Estate
TS-21610,Troy Staebel,Male,58,Marketing & Advertising Agencies
TB-21625,Trudy Brown,Male,54,Consulting Firms
TG-21640,Trudy Glocke,Male,32,Legal Services
TS-21655,Trudy Schmidt,Female,50,Clinics
VD-21670,Valerie Dominguez,Male,24,Corporate Headquarters
VM-21685,Valerie Mitchum,Female,25,Charitable Organizations and Foundations
VT-21700,Valerie Takahito,Female,23,Marketing & Advertising Agencies
VF-21715,Vicky Freymann,Female,32,Retail & Hospitality
VP-21730,Victor Preis,Female,42,Professional & Trade Associations
VB-21745,Victoria Brennan,Male,36,Retail & Hospitality
VP-21760,Victoria Pisteka,Female,21,Retail & Hospitality
VW-21775,Victoria Wilson,Male,41,Financial Services
VG-21790,Vivek Gonzalez,Male,50,Real Estate
VG-21805,Vivek Grady,Male,59,Marketing & Advertising Agencies
VS-21820,Vivek Sundaresam,Male,59,Marketing & Advertising Agencies
VM-21835,Vivian Mathis,Male,57,Corporate Headquarters
WB-21850,William Brown,Female,52,Legal Services
XP-21865,Xylona Preis,Male,25,Hospitals
YS-21880,Yana Sorensen,Female,26,Technology & IT
YC-21895,Yoseph Carroll,Female,36,Marketing & Advertising Agencies
ZC-21910,Zuschuss Carroll,Female,58,Charitable Organizations and Foundations
ZD-21925,Zuschuss Donatelli,Female,44,Corporate Headquarters
